{"version": "FINAL", "space": "model_XZ (up=-Y, 1 unit=1 m)", "keep_area_m2": 268386.7583597632, "source": "Joel's hand-traced Google Earth polygon (2024 Atlanta Map Book / Oakland Cemetery Boundary.geojson); 13-corner WGS84 MultiPolygon; authoritative, supersedes OSM/v4. His trace already includes the surrounding street ring + rail corridor, so no band/rail/fill was applied; only exterior building footprints (outside the OSM cemetery way, inside his trace) were subtracted.", "transform_model_to_world": {"scale": 0.9998917284566604, "R": [[0.9999999995396833, 3.0341934239760304e-05], [-3.0341934239755306e-05, 0.9999999995396835]], "t": [-81.4501764847302, -7.19736449147639], "enu_ref_lat": 33.7482, "enu_ref_lon": -84.3712, "M_LAT": 110917.85615275326, "M_LON": 92656.45198000895}, "fit_residuals_m": {"median": 0.22682785015277176, "p95": 0.43765600274039845, "max": 0.7000166981937522}, "his_trace_wgs84_lonlat": [[-84.37522049867934, 33.74676745501225], [-84.375166494498, 33.74805965118475], [-84.37517912032169, 33.7502270985233], [-84.37519348440442, 33.75050175226683], [-84.37429036749407, 33.75059291799778], [-84.37115085287112, 33.75144121408688], [-84.3707404489307, 33.750981912325734], [-84.37007618382692, 33.74976079041514], [-84.36979058524197, 33.7494814803629], [-84.3687757730459, 33.7485582527829], [-84.36816036154056, 33.748097546271374], [-84.36799392503985, 33.7479813435613], [-84.36801889439558, 33.746657718875746], [-84.37522049867934, 33.74676745501225]], "cemetery_input_area_m2": 262898.2939349776, "buildings_subtracted": 8, "cemetery_zone_buildings_protected": [270494300, 270876888], "polygons": [{"exterior": [[-291.1, -151.72], [-302.88143848512135, -145.24504952646637], [-302.67227310750945, -139.24869648108884], [-302.11519950988503, -127.72170997501199], [-291.343355662144, -115.32355097251099], [-301.08408821797906, -103.70143689723318], [-300.7687624287833, -91.33813879100082], [-300.44187648899, -79.39538413317405], [-300.1349596118819, -67.35272660949073], [-299.746060048965, -55.360020518735695], [-299.0460391528961, -43.64360829136521], [-298.8673539780791, -31.374608337225613], [-298.49106778329366, -19.38190224647056], [-285.6707264480965, -7.800534207686824], [-297.9304095325809, 4.148936853847324], [-297.00749904249096, 16.15368377723851], [-297.3778843905311, 28.15516457436467], [-298.25357859892017, 40.14869704085171], [-295.8350724503448, 52.16575758176827], [-294.8734484059455, 64.16877619899682], [-294.68928712173056, 76.15313865336151], [-294.69861140559385, 88.16206499557897], [-294.5097028057842, 100.16289757160634], [-294.5118488281101, 112.16579861150268], [-295.1590151050809, 124.16170406036868], [-297.6435666693222, 136.15068665162008], [-298.66371852938863, 146.03818603328727], [-298.6779688428226, 149.94229690373388], [-287.13755394666816, 203.13957081248896], [-269.7904059118242, 209.50384886833575], [-270.4391251602959, 211.27870705321405], [-232.03856120313685, 225.36796527796525], [-234.2812755990114, 231.48013288739205], [-239.3876213379629, 245.40167622864223], [-249.75688557132213, 241.59646717520084], [-277.89011741949554, 231.2791359506588], [-278.8909985941308, 234.0190732904578], [-287.27369442408724, 230.94325121721477], [-287.27913905356866, 232.05519632636384], [-288.6111325485093, 262.5224590838967], [-204.9227696973974, 272.638000737319], [-204.0, 262.75], [-201.0, 263.375], [-198.0, 264.0], [-195.0, 264.0], [-192.0, 264.5], [-189.0, 265.25], [-186.0, 265.25], [-183.0, 266.75], [-180.0, 269.0], [-177.0, 270.75], [-174.0, 270.75], [-171.0, 273.25], [-168.0, 273.75], [-165.0, 274.25], [-162.0, 275.25], [-159.0, 275.25], [-156.0, 276.25], [-153.0, 278.25], [-150.0, 278.75], [-147.0, 279.75], [-144.0, 280.75], [-141.0, 281.0], [-138.0, 281.75], [-135.0, 283.75], [-132.0, 284.5], [-129.0, 285.5], [-126.0, 286.5], [-123.0, 286.75], [-120.0, 289.0], [-117.0, 290.0], [-114.0, 291.25], [-111.0, 292.5], [-108.0, 293.0], [-105.0, 295.0], [-102.0, 295.75], [-99.0, 297.25], [-96.0, 298.0], [-93.0, 299.25], [-90.0, 299.75], [-87.0, 302.5], [-84.0, 303.0], [-81.0, 303.25], [-78.0, 305.25], [-75.0, 306.5], [-72.0, 306.75], [-69.0, 308.0], [-66.0, 309.25], [-63.0, 309.25], [-60.0, 311.0], [-57.0, 312.5], [-54.0, 313.75], [-51.0, 314.75], [-48.0, 315.75], [-45.0, 316.25], [-42.0, 318.25], [-39.0, 319.5], [-36.0, 320.25], [-33.0, 321.25], [-30.0, 322.5], [-27.0, 323.0], [-24.0, 324.25], [-21.0, 325.25], [-18.0, 326.5], [-15.0, 327.25], [-12.0, 327.75], [-9.0, 330.25], [-6.0, 331.5], [-3.0, 331.5], [0.0, 331.5], [3.0, 334.25], [6.0, 335.5], [9.0, 337.5], [12.0, 338.5], [15.0, 339.25], [18.0, 339.5], [21.0, 339.25], [24.0, 340.5], [27.0, 340.5], [30.0, 342.0], [33.0, 333.75], [36.0, 337.25], [39.0, 337.25], [42.0, 338.5], [45.0, 338.5], [48.0, 338.75], [51.0, 339.25], [54.0, 339.75], [86.0, 366.75], [88.75192234971458, 360.98897386361756], [93.43018265322941, 357.3563928779559], [104.22785145498665, 352.1544525607072], [112.45577852016518, 339.8265083892435], [120.12454755320525, 332.16854188919734], [123.08840234451817, 319.0935697817624], [129.909474527922, 309.44148249352014], [141.37792016000557, 301.472296610148], [144.36695267135775, 289.6496287268333], [147.71336673047594, 277.98937342347205], [150.05903088241922, 266.8917160410758], [156.35213804033424, 255.5531996163672], [161.5367206487906, 244.72830276492718], [166.65098380975635, 233.47111416364035], [171.62848244498505, 222.77887032685544], [177.18527938518196, 212.29669917120452], [181.30011142335056, 200.7784067352308], [186.5362977552739, 190.1842071079945], [200.3238055060817, 185.67011494655864], [204.48185343259144, 176.1872452220374], [208.7942206244577, 164.08812160017555], [213.08986344925478, 152.00787764343804], [220.78703753189708, 142.87256581662956], [228.93665982857664, 134.0642917616505], [237.08628212525625, 125.25601770667147], [245.2359044219358, 116.44774365169246], [253.38552671861538, 107.63946959671345], [261.53514901529496, 98.8311955417344], [269.6847713119746, 90.02292148675531], [277.8343936086542, 81.21464743177626], [285.98401590533376, 72.4063733767972], [294.1336382020134, 63.59809932181811], [301.01527168093935, 56.16029282948595], [303.85271864533695, 53.09352365061671], [306.10216279088894, 46.94836505142309], [314.51725583616314, 39.407573271768065], [312.29935499297903, 36.992288838726125], [315.49720219957703, 34.055426679941924], [317.99827571403205, 33.99827571403212], [319.20736451697564, 32.02882207939516], [322.7269952799425, 32.05079951089702], [330.0326085155187, 25.504216135552227], [329.99827571403205, 24.00172428596789], [328.2599743722046, 23.344697414292988], [331.530625365635, 20.659400485412892], [333.20628156487663, 22.660277570267883], [352.88543143975113, 5.025728456115157], [359.12490794365027, -1.8317437470156994], [360.5940014571882, -1.8819457796473227], [363.13173452691973, -4.156016496184141], [376.2340585156154, -15.106039600722253], [374.10021381225846, -15.076315456927398], [374.03545598880544, -18.659352117981364], [377.5753174023463, -18.714709644974896], [377.45508455936636, -26.413246045749464], [378.4074934587701, -26.43779106896117], [376.24584381661265, -163.87547973128], [361.8112361124732, -166.80667387512585], [358.32997490413504, -167.4915225723069], [353.7194871285686, -167.50257198756742], [338.7199716597076, -167.33933196996287], [323.7189268209882, -167.21971810206725], [308.74121033912166, -166.02280044692785], [293.73978360705047, -165.6651597336527], [278.74790305762497, -169.4322162596082], [263.6165961855139, -172.2968159052491], [248.74661378328227, -167.83106410246418], [233.6951269899071, -166.43256355848416], [218.7416363674991, -165.60399789332644], [203.70948500017136, -165.17730736879867], [188.4195332705867, -165.4101010960217], [173.57099513036985, -164.79368624600724], [158.74802508204195, -163.7012572894469], [143.75937648333905, -164.75031155504618], [128.5958100735451, -165.1066547491674], [113.75587315664366, -163.62644889407346], [98.57830781513132, 