{
 "space": "model_XZ (up = -Y, 1 unit = 1 m)",
 "description": "KEEP region for the Oakland Cemetery boundary cut. Point is kept if inside ANY ring. Everything outside all rings is cut.",
 "params": {
  "corridor_total_width_m": 30.0,
  "corridor_half_width_m": 15.0,
  "end_pad_m": 100.0,
  "rail_select_dist_m": 150.0
 },
 "railway_selected_osm_ids": [
  144595771,
  539939093,
  539939098,
  539939099,
  539939594,
  539939595,
  539939596,
  539939598,
  539939602,
  905879528,
  973262184
 ],
 "bundle_full_width_m": 45.752075686999724,
 "corridor_to_cemetery_min_gap_m": 13.93499468159814,
 "transform_model_to_world": {
  "scale": 0.9998917284566604,
  "R": [
   [
    0.9999999995396833,
    3.0341934239760304e-05
   ],
   [
    -3.0341934239755306e-05,
    0.9999999995396835
   ]
  ],
  "t": [
   -81.4501764847302,
   -7.19736449147639
  ],
  "enu_ref_lat": 33.7482,
  "enu_ref_lon": -84.3712,
  "M_LAT": 110917.85615275326,
  "M_LON": 92656.45198000895
 },
 "fit_residuals_m": {
  "median": 0.22682785015277176,
  "p95": 0.43765600274039845,
  "max": 0.7000166981937522,
  "n_inliers": 3270,
  "n_total": 3270
 },
 "rings": [
  {
   "type": "cemetery",
   "xz": [
    [
     -37.55997947143002,
     244.17647854853698
    ],
    [
     -36.68836588227146,
     226.09493671439003
    ],
    [
     -18.59052191236296,
     223.47754098278853
    ],
    [
     52.28101489510389,
     216.59094663691337
    ],
    [
     99.90352721734341,
     176.85731332550145
    ],
    [
     118.35313459953183,
     186.4089346492855
    ],
    [
     355.0018026993477,
     -20.06873894349569
    ],
    [
     359.7557707626428,
     -25.914598676466344
    ],
    [
     360.617821511092,
     -34.234312526831864
    ],
    [
     358.925397729666,
     -145.39718335020692
    ],
    [
     355.7007107460681,
     -148.91375796958312
    ],
    [
     354.1717383126812,
     -149.72359238885628
    ],
    [
     352.4110767782388,
     -149.77911074396863
    ],
    [
     110.1066283996104,
     -145.72642960634528
    ],
    [
     -59.130268891895604,
     -142.58115636563795
    ],
    [
     -281.8542909921234,
     -138.4613231999672
    ],
    [
     -280.41057902463643,
     -76.32946102719164
    ],
    [
     -275.22791312872033,
     143.07887967307389
    ],
    [
     -274.98774094416757,
     168.1490368460039
    ],
    [
     -165.57768082931088,
     209.64012672406983
    ],
    [
     -38.00515086018322,
     256.4453083038342
    ],
    [
     -37.55997947143002,
     244.17647854853698
    ]
   ]
  },
  {
   "type": "railway_corridor",
   "xz": [
    [
     263.79742746769,
     385.55079224152905
    ],
    [
     256.634253335898,
     385.10393002107213
    ],
    [
     246.14282175536607,
     379.5965954430505
    ],
    [
     222.58126456348444,
     372.27651162912787
    ],
    [
     201.03578289697708,
     367.2966090354505
    ],
    [
     181.50269675794056,
     358.22115250501383
    ],
    [
     158.9447676479317,
     348.681285053964
    ],
    [
     140.0556539437188,
     344.70971975935066
    ],
    [
     124.78111691214745,
     338.0863614899657
    ],
    [
     106.94726620489854,
     327.965315222754
    ],
    [
     84.11359468172361,
     322.6008592985369
    ],
    [
     65.15019122945506,
     312.7020820314176
    ],
    [
     44.43452757100312,
     303.1970799193117
    ],
    [
     23.837010679568507,
     292.4594382817773
    ],
    [
     2.859667605156825,
     283.90576617412574
    ],
    [
     -13.624089640070833,
     274.84113307097476
    ],
    [
     -30.101579363572238,
     267.34774287768283
    ],
    [
     -47.521169298737085,
     255.1038009749353
    ],
    [
     -67.74036417801703,
     250.86663596027554
    ],
    [
     -82.51216659467082,
     243.59093166167767
    ],
    [
     -100.89097007971763,
     232.837018645797
    ],
    [
     -122.25887264959775,
     228.8294739674384
    ],
    [
     -139.31243162716683,
     224.8120815778485
    ],
    [
     -156.40621791681676,
     217.4817312867794
    ],
    [
     -175.2095393913049,
     211.86693072984937
    ],
    [
     -192.95388960868942,
     205.70186191428544
    ],
    [
     -210.71831221592475,
     199.76469575540503
    ],
    [
     -230.1527187887718,
     192.15036724755177
    ],
    [
     -249.05772262291285,
     179.65696564559332
    ],
    [
     -274.66760992168594,
     167.1280789810778
    ],
    [
     -300.2340206704046,
     158.16523388693656
    ],
    [
     -325.0318583746988,
     147.81433325153532
    ],
    [
     -348.226437928594,
     140.586835780702
    ],
    [
     -371.2241845588007,
     135.68672370476847
    ],
    [
     -389.40748270251584,
     130.88571265734285
    ],
    [
     -407.61219680623276,
     126.07908065682214
    ],
    [
     -424.95324994360084,
     120.6512622817494
    ],
    [
     -442.4070421750454,
     113.68563577988093
    ],
    [
     -453.71025551668447,
     109.9227856945344
    ],
    [
     -465.7680045880863,
     109.06428391716031
    ],
    [
     -467.55260787349255,
     139.01441098481055
    ],
    [
     -459.5572646586402,
     139.35078942600026
    ],
    [
     -452.8657007904916,
     141.80700451433364
    ],
    [
     -435.00262252513915,
     148.92147682374622
    ],
    [
     -415.9335780264154,
     154.90527593337413
    ],
    [
     -397.06642874082917,
     159.89494334545233
    ],
    [
     -378.1714477606289,
     164.87457140784534
    ],
    [
     -355.8161682569383,
     169.61425235668744
    ],
    [
     -335.28952017267295,
     176.00963949160203
    ],
    [
     -310.9751863425313,
     186.1799136019945
    ],
    [
     -286.23118408000664,
     194.81343020184414
    ],
    [
     -263.92245627567513,
     205.71909550798884
    ],
    [
     -243.9909383898225,
     218.7717608587454
    ],
    [
     -221.00277468991877,
     227.95023728212453
    ],
    [
     -202.63402002412442,
     234.1006293994054
    ],
    [
     -184.40974835521794,
     240.4247855959603
    ],
    [
     -166.59073233417922,
     245.70354174633016
    ],
    [
     -148.71601129625864,
     253.30361731984647
    ],
    [
     -128.34022714945036,
     258.20994447048633
    ],
    [
     -111.38526663743531,
     260.94510750429305
    ],
    [
     -96.78640220015919,
     269.98110251015567
    ],
    [
     -77.27715699546832,
     279.3138590634779
    ],
    [
     -59.49848340847887,
     282.612688015838
    ],
    [
     -45.213879633888425,
     293.26710436806763
    ],
    [
     -27.10782889066091,
     301.6438138203935
    ],
    [
     -10.048977248177765,
     310.9901123464585
    ],
    [
     11.21263042235715,
     319.6774459725341
    ],
    [
     31.23225558062724,
     330.1395173336511
    ],
    [
     52.01699483304287,
     339.6782580381606
    ],
    [
     73.7600789351242,
     350.7611084311661
    ],
    [
     95.93593076533796,
     355.8749087590527
    ],
    [
     111.33934528891042,
     364.91011393366676
    ],
    [
     130.99447380893008,
     373.3119912442204
    ],
    [
     149.9303768759653,
     377.29833728754875
    ],
    [
     169.344631639814,
     385.6506324876356
    ],
    [
     191.28984914613181,
     395.6728613400327
    ],
    [
     214.72824744329506,
     401.23380849266846
    ],
    [
     234.93282640913512,
     407.4269911259739
    ],
    [
     248.2840069060684,
     413.92177699268603
    ],
    [
     260.87030247621146,
     415.41091380083844
    ],
