{"version": "FINAL_c2", "space": "combined_solve model_XZ (up=-Y, 1 unit=1 m) -- re-expressed from 300ft-solve frame via measured frame-to-frame similarity", "keep_area_m2": 268386.7583597632, "source": "Joel's hand-traced Google Earth polygon (2024 Atlanta Map Book / Oakland Cemetery Boundary.geojson); 13-corner WGS84 MultiPolygon; authoritative, supersedes OSM/v4. His trace already includes the surrounding street ring + rail corridor, so no band/rail/fill was applied; only exterior building footprints (outside the OSM cemetery way, inside his trace) were subtracted.", "transform_model_to_world": {"scale": 0.9933445569693343, "R": [[0.999772858293736, -0.021312714964856906], [0.02131271496485686, 0.9997728582937357]], "t": [-89.7590812138517, 2.9333985384627974], "enu_ref_lat": 33.7482, "enu_ref_lon": -84.3712, "M_LAT": 110917.85615275326, "M_LON": 92656.45198000895}, "fit_residuals_m": {"median": 0.21110436801115817, "p95": 0.43487035953636505, "max": 0.6743281294208369}, "his_trace_wgs84_lonlat": [[-84.37522049867934, 33.74676745501225], [-84.375166494498, 33.74805965118475], [-84.37517912032169, 33.7502270985233], [-84.37519348440442, 33.75050175226683], [-84.37429036749407, 33.75059291799778], [-84.37115085287112, 33.75144121408688], [-84.3707404489307, 33.750981912325734], [-84.37007618382692, 33.74976079041514], [-84.36979058524197, 33.7494814803629], [-84.3687757730459, 33.7485582527829], [-84.36816036154056, 33.748097546271374], [-84.36799392503985, 33.7479813435613], [-84.36801889439558, 33.746657718875746], [-84.37522049867934, 33.74676745501225]], "cemetery_input_area_m2": 262898.2939349776, "buildings_subtracted": 8, "cemetery_zone_buildings_protected": [270494300, 270876888], "polygons": [{"exterior": [[-288.06610110683636, -156.80588737352772], [-299.78338408811925, -150.0366357404558], [-299.444064066263, -144.0066290617042], [-298.6358039236914, -132.41827879208523], [-287.52907371278974, -120.17266513952369], [-297.0820880725509, -108.26734690980057], [-296.4991465903086, -95.83217099382671], [-295.9136062535991, -83.82046227258812], [-295.34601573222915, -71.70778611887131], [-294.6969941146394, -59.64714046978961], [-293.74080770929953, -47.87123044039749], [-293.29740198989606, -35.5280170284669], [-292.66107398350175, -23.467100397280078], [-279.5103619719321, -12.087483278630039], [-291.59131894096606, 0.2013909348791163], [-290.40463047157743, 12.262681474578597], [-290.5195356305172, 24.348469919086384], [-291.1431350569496, 36.43711538318927], [-288.45107178469306, 48.478666913924], [-287.22546060558585, 60.537386441142175], [-286.7826590123155, 72.59403391416063], [-286.534046169706, 84.67955833460485], [-286.08611322008846, 96.75267871802984], [-285.83040589557885, 108.83198528891918], [-286.22397257308637, 120.91810920097475], [-288.46676224799285, 133.03674009021606], [-289.2809837603147, 143.00905790680494], [-289.21144989474516, 146.93831189485306], [-276.45474230343194, 200.2260823561204], [-258.8605077059796, 206.25816702183442], [-259.4752233812149, 208.0582533109847], [-220.52767501106393, 221.4121567667356], [-222.65334487487323, 227.61139029806213], [-227.49308931765685, 241.73120230035303], [-238.01007024916154, 238.12455586639305], [-266.5439333010326, 228.34599494085796], [-267.4923177746185, 231.12486572410984], [-275.9944223082906, 228.20956756119912], [-275.9760128545856, 229.32870355534772], [-276.6619299269413, 260.0184075265692], [-192.22384334405928, 268.40036410953775], [-191.50763428612845, 258.4296338791919], [-188.47512171665963, 258.9941588028814], [-185.44260914719075, 259.5586837265708], [-182.4235239045006, 259.4942325580331], [-179.39369680038752, 259.9329622632771], [-176.35849876556293, 260.623282405412], [-173.33941352287277, 260.5588312368743], [-170.28810269591375, 262.0039226896817], [-167.22067907682035, 264.2037854531617], [-164.1639973191499, 265.9004673428599], [-161.14491207645975, 265.83601617432225], [-158.0721175266548, 268.287469374693], [-155.04229042254173, 268.72619907993703], [-152.01246331842862, 269.1649287851811], [-148.97189435289258, 270.10683936420673], [-145.9528091102024, 270.04238819566905], [-142.91224014466636, 270.9842987746948], [-139.8501874562844, 272.93257110128394], [-136.8203603521713, 273.3713008065279], [-133.77979138663522, 274.31321138555364], [-130.7392224210992, 275.25512196457936], [-127.71476624769755, 275.4422612329325], [-124.679568212873, 276.13258137506733], [-121.61751552449107, 278.08085370165645], [-118.58231748966648, 278.77117384379136], [-115.54174852413041, 279.713084422817], [-112.50117955859437, 280.65499500184274], [-109.47672338519274, 280.8421342701959], [-106.40929976609931, 283.0419970336759], [-103.36873080056327, 283.98390761270156], [-100.32279090431575, 285.17740862861814], [-97.2768510080682, 286.37090964453466], [-94.24702390395512, 286.8096393497787], [-91.18497121557317, 288.7579116763678], [-88.14977318074861, 289.4482318185027], [-85.09846235378959, 290.89332327131007], [-82.06326431896503, 291.583643413445], [-79.01732442271751, 292.7771444293615], [-75.98749731860437, 293.2158741346055], [-72.90933183808804, 295.91891777186714], [-69.87950473397493, 296.3576474771112], [-66.8550485605733, 296.54478674546436], [-63.792995872191334, 298.4930590720534], [-60.747055975943816, 299.68656008797], [-57.72259980254217, 299.8736993563232], [-54.67665990629466, 301.0672003722397], [-51.630720010047135, 302.26070138815624], [-48.61163476735698, 302.19625021961855], [-45.55495300968651, 303.8929321093169], [-42.50364218272751, 305.33802356212425], [-39.457702286479986, 306.5315245780408], [-36.417133320943925, 307.47343515706655], [-33.37656435540788, 308.4153457360922], [-30.346737251294776, 308.85407544133625], [-27.28468456291283, 310.8023477679253], [-24.238744666665305, 311.9958487838419], [-21.203546631840723, 312.68616892597674], [-18.162977666304673, 313.6280795050025], [-15.117037770057152, 314.82158052091904], [-12.087210665944045, 315.260310226163], [-9.04127076969652, 316.4538112420796], [-6.000701804160469, 317.3957218211053], [-2.9547619079129426, 318.5892228370219], [0.08043612691163382, 319.2795429791567], [3.1102632310247396, 319.7182726844008], [6.18305778082963, 322.1697258847716], [9.228997677077155, 323.3632269006881], [12.248082919767315, 323.29877573215043], [15.267168162457473, 323.23432456361274], [18.345333642973834, 325.9373682008744], [21.39127353922136, 327.1308692167909], [24.453326227603306, 329.07914154338], [27.493895193139355, 330.0210521224057], [30.529093227963934, 330.71137226454067], [33.553549401365565, 330.89851153289385], [36.56726371334425, 330.5824699274653], [39.61320360959178, 331.7759709433818], [42.63228885228194, 331.71151977484413], [45.683599679240935, 333.1566112276515], [48.525444208452484, 324.7896756417159], [51.61972248110327, 328.2474905896501], [54.63880772379343, 328.1830394211125], [57.68474762004095, 329.376540437029], [60.70383286273111, 329.3120892684913], [63.72828903613275, 329.4992285368445], [66.75811614024585, 329.93795824208854], [69.78794324435896, 330.37668794733247], [102.57157968322642, 356.86097600047543], [105.21724077942193, 351.0041781330525], [109.84722163091232, 347.24798113639486], [120.60182543182276, 341.7809732640894], [128.61724635612055, 329.1978353191668], [136.17028053202063, 321.32639706092345], [138.87209154235651, 308.1045706466507], [145.52919489691783, 298.24453719132083], [156.89939210423137, 289.9782684516401], [159.6534451657754, 278.0161721936747], [162.7706425731305, 266.2098438573752], [164.89281025283486, 254.99119238163723], [170.98235902552582, 243.44534380767118], [175.96736555596704, 232.4401975592309], [180.87231804820158, 221.00152015347808], [185.65177307005453, 210.13431975937232], [191.01872488971475, 199.46608299153885], [194.91227864822352, 187.7861121756608], [199.9541734272198, 177.0120221488354], [213.7324143169694, 172.1730054773367], [217.71318734979872, 162.54047778021848], [221.79305451457, 150.27173688657635], 