{
 "tile_0_0": {
  "frac_keep": 0.04049382716049383,
  "class": "partial",
  "x0": -395.79385054162884,
  "x1": -173.06762921766455,
  "z0": -337.82070708213195,
  "z1": -124.45318745527159
 },
 "tile_0_1": {
  "frac_keep": 0.4888888888888889,
  "class": "partial",
  "x0": -395.79385054162884,
  "x1": -173.06762921766455,
  "z0": -124.45318745527159,
  "z1": -68.99080281254889
 },
 "tile_0_2": {
  "frac_keep": 0.48,
  "class": "partial",
  "x0": -395.79385054162884,
  "x1": -173.06762921766455,
  "z0": -68.99080281254889,
  "z1": -7.153055626436981
 },
 "tile_0_3": {
  "frac_keep": 0.4666666666666667,
  "class": "partial",
  "x0": -395.79385054162884,
  "x1": -173.06762921766455,
  "z0": -7.153055626436981,
  "z1": 59.41227713428695
 },
 "tile_0_4": {
  "frac_keep": 0.47555555555555556,
  "class": "partial",
  "x0": -395.79385054162884,
  "x1": -173.06762921766455,
  "z0": 59.41227713428695,
  "z1": 136.75007741075265
 },
 "tile_0_5": {
  "frac_keep": 0.2454320987654321,
  "class": "partial",
  "x0": -395.79385054162884,
  "x1": -173.06762921766455,
  "z0": 136.75007741075265,
  "z1": 362.8938780160511
 },
 "tile_1_0": {
  "frac_keep": 0.08888888888888889,
  "class": "partial",
  "x0": -173.06762921766455,
  "x1": -92.55328393259296,
  "z0": -337.82070708213195,
  "z1": -124.45318745527159
 },
 "tile_1_1": {
  "frac_keep": 1.0,
  "class": "inside",
  "x0": -173.06762921766455,
  "x1": -92.55328393259296,
  "z0": -124.45318745527159,
  "z1": -68.99080281254889
 },
 "tile_1_2": {
  "frac_keep": 1.0,
  "class": "inside",
  "x0": -173.06762921766455,
  "x1": -92.55328393259296,
  "z0": -68.99080281254889,
  "z1": -7.153055626436981
 },
 "tile_1_3": {
  "frac_keep": 1.0,
  "class": "inside",
  "x0": -173.06762921766455,
  "x1": -92.55328393259296,
  "z0": -7.153055626436981,
  "z1": 59.41227713428695
 },
 "tile_1_4": {
  "frac_keep": 1.0,
  "class": "inside",
  "x0": -173.06762921766455,
  "x1": -92.55328393259296,
  "z0": 59.41227713428695,
  "z1": 136.75007741075265
 },
 "tile_1_5": {
  "frac_keep": 0.5155555555555555,
  "class": "partial",
  "x0": -173.06762921766455,
  "x1": -92.55328393259296,
  "z0": 136.75007741075265,
  "z1": 362.8938780160511
 },
 "tile_2_0": {
  "frac_keep": 0.08888888888888889,
  "class": "partial",
  "x0": -92.55328393259296,
  "x1": -14.462275383862206,
  "z0": -337.82070708213195,
  "z1": -124.45318745527159
 },
 "tile_2_1": {
  "frac_keep": 1.0,
  "class": "inside",
  "x0": -92.55328393259296,
  "x1": -14.462275383862206,
  "z0": -124.45318745527159,
  "z1": -68.99080281254889
 },
 "tile_2_2": {
  "frac_keep": 1.0,
  "class": "inside",
  "x0": -92.55328393259296,
  "x1": -14.462275383862206,
  "z0": -68.99080281254889,
  "z1": -7.153055626436981
 },
 "tile_2_3": {
  "frac_keep": 1.0,
  "class": "inside",
  "x0": -92.55328393259296,
  "x1": -14.462275383862206,
  "z0": -7.153055626436981,
  "z1": 59.41227713428695
 },
 "tile_2_4": {
  "frac_keep": 1.0,
  "class": "inside",
  "x0": -92.55328393259296,
  "x1": -14.462275383862206,
  "z0": 59.41227713428695,
  "z1": 136.75007741075265
 },
 "tile_2_5": {
  "frac_keep": 0.6004938271604938,
  "class": "partial",
  "x0": -92.55328393259296,
  "x1": -14.462275383862206,
  "z0": 136.75007741075265,
  "z1": 362.8938780160511
 },
 "tile_3_0": {
  "frac_keep": 0.10518518518518519,
  "class": "partial",
  "x0": -14.462275383862206,
  "x1": 75.75256991501078,
  "z0": -337.82070708213195,
  "z1": -124.45318745527159
 },
 "tile_3_1": {
  "frac_keep": 1.0,
  "class": "inside",
  "x0": -14.462275383862206,
  "x1": 75.75256991501078,
  "z0": -124.45318745527159,
  "z1": -68.99080281254889
 },
 "tile_3_2": {
  "frac_keep": 1.0,
  "class": "inside",
  "x0": -14.462275383862206,
  "x1": 75.75256991501078,
  "z0": -68.99080281254889,
  "z1": -7.153055626436981
 },
 "tile_3_3": {
  "frac_keep": 1.0,
  "class": "inside",
  "x0": -14.462275383862206,
  "x1": 75.75256991501078,
  "z0": -7.153055626436981,
  "z1": 59.41227713428695
 },
 "tile_3_4": {
  "frac_keep": 1.0,
  "class": "inside",
  "x0": -14.462275383862206,
  "x1": 75.75256991501078,
  "z0": 59.41227713428695,
  "z1": 136.75007741075265
 },
 "tile_3_5": {
  "frac_keep": 0.4997530864197531,
  "class": "partial",
  "x0": -14.462275383862206,
  "x1": 75.75256991501078,
  "z0": 136.75007741075265,
  "z1": 362.8938780160511
 },
 "tile_4_0": {
  "frac_keep": 0.1111111111111111,
  "class": "partial",
  "x0": 75.75256991501078,
  "x1": 192.4537134238128,
  "z0": -337.82070708213195,
  "z1": -124.45318745527159
 },
 "tile_4_1": {
  "frac_keep": 1.0,
  "class": "inside",
  "x0": 75.75256991501078,
  "x1": 192.4537134238128,
  "z0": -124.45318745527159,
  "z1": -68.99080281254889
 },
 "tile_4_2": {
  "frac_keep": 1.0,
  "class": "inside",
  "x0": 75.75256991501078,
  "x1": 192.4537134238128,
  "z0": -68.99080281254889,
  "z1": -7.153055626436981
 },
 "tile_4_3": {
  "frac_keep": 1.0,
  "class": "inside",
  "x0": 75.75256991501078,
  "x1": 192.4537134238128,
  "z0": -7.153055626436981,
  "z1": 59.41227713428695
 },
 "tile_4_4": {
  "frac_keep": 0.9827160493827161,
  "class": "partial",
  "x0": 75.75256991501078,
  "x1": 192.4537134238128,
  "z0": 59.41227713428695,
  "z1": 136.75007741075265
 },
 "tile_4_5": {
  "frac_keep": 0.23358024691358026,
  "class": "partial",
  "x0": 75.75256991501078,
  "x1": 192.4537134238128,
  "z0": 136.75007741075265,
  "z1": 362.8938780160511
 },
 "tile_5_0": {
  "frac_keep": 0.07209876543209877,
  "class": "partial",
  "x0": 192.4537134238128,
  "x1": 466.8873605251104,
  "z0": -337.82070708213195,
  "z1": -124.45318745527159
 },
 "tile_5_1": {
  "frac_keep": 0.6,
  "class": "partial",
  "x0": 192.4537134238128,
  "x1": 466.8873605251104,
  "z0": -124.45318745527159,
  "z1": -68.99080281254889
 },
 "tile_5_2": {
  "frac_keep": 0.591604938271605,
  "class": "partial",
  "x0": 192.4537134238128,
  "x1": 466.8873605251104,
  "z0": -68.99080281254889,
  "z1": -7.153055626436981
 },
 "tile_5_3": {
  "frac_keep": 0.4019753086419753,
  "class": "partial",
  "x0": 192.4537134238128,
  "x1": 466.8873605251104,
  "z0": -7.153055626436981,
  "z1": 59.41227713428695
 },
 "tile_5_4": {
  "frac_keep": 0.11209876543209876,
  "class": "partial",
  "x0": 192.4537134238128,
  "x1": 466.8873605251104,
  "z0": 59.41227713428695,
  "z1": 136.75007741075265
 },
 "tile_5_5": {
  "frac_keep": 0.0,
  "class": "outside",
  "x0": 192.4537134238128,
  "x1": 466.8873605251104,
  "z0": 136.75007741075265,
  "z1": 362.8938780160511
 }
}