{
 "tile_0_0": {
  "frac_keep": 0.1424386088660047,
  "class": "partial",
  "x0": -395.79385054162884,
  "x1": -173.06762921766455,
  "z0": -337.82070708213195,
  "z1": -124.45318745527159
 },
 "tile_0_1": {
  "frac_keep": 0.6213659820790783,
  "class": "partial",
  "x0": -395.79385054162884,
  "x1": -173.06762921766455,
  "z0": -124.45318745527159,
  "z1": -68.99080281254889
 },
 "tile_0_2": {
  "frac_keep": 0.5842646021317914,
  "class": "partial",
  "x0": -395.79385054162884,
  "x1": -173.06762921766455,
  "z0": -68.99080281254889,
  "z1": -7.153055626436981
 },
 "tile_0_3": {
  "frac_keep": 0.5827986261397143,
  "class": "partial",
  "x0": -395.79385054162884,
  "x1": -173.06762921766455,
  "z0": -7.153055626436981,
  "z1": 59.41227713428695
 },
 "tile_0_4": {
  "frac_keep": 0.569476816232036,
  "class": "partial",
  "x0": -395.79385054162884,
  "x1": -173.06762921766455,
  "z0": 59.41227713428695,
  "z1": 136.75007741075265
 },
 "tile_0_5": {
  "frac_keep": 0.3709514114997202,
  "class": "partial",
  "x0": -395.79385054162884,
  "x1": -173.06762921766455,
  "z0": 136.75007741075265,
  "z1": 362.8938780160511
 },
 "tile_1_0": {
  "frac_keep": 0.2344531391027326,
  "class": "partial",
  "x0": -173.06762921766455,
  "x1": -92.55328393259296,
  "z0": -337.82070708213195,
  "z1": -124.45318745527159
 },
 "tile_1_1": {
  "frac_keep": 1.0,
  "class": "inside",
  "x0": -173.06762921766455,
  "x1": -92.55328393259296,
  "z0": -124.45318745527159,
  "z1": -68.99080281254889
 },
 "tile_1_2": {
  "frac_keep": 1.0,
  "class": "inside",
  "x0": -173.06762921766455,
  "x1": -92.55328393259296,
  "z0": -68.99080281254889,
  "z1": -7.153055626436981
 },
 "tile_1_3": {
  "frac_keep": 1.0,
  "class": "inside",
  "x0": -173.06762921766455,
  "x1": -92.55328393259296,
  "z0": -7.153055626436981,
  "z1": 59.41227713428695
 },
 "tile_1_4": {
  "frac_keep": 1.0,
  "class": "inside",
  "x0": -173.06762921766455,
  "x1": -92.55328393259296,
  "z0": 59.41227713428695,
  "z1": 136.75007741075265
 },
 "tile_1_5": {
  "frac_keep": 0.7368343852982124,
  "class": "partial",
  "x0": -173.06762921766455,
  "x1": -92.55328393259296,
  "z0": 136.75007741075265,
  "z1": 362.8938780160511
 },
 "tile_2_0": {
  "frac_keep": 0.22046319022346328,
  "class": "partial",
  "x0": -92.55328393259296,
  "x1": -14.462275383862206,
  "z0": -337.82070708213195,
  "z1": -124.45318745527159
 },
 "tile_2_1": {
  "frac_keep": 1.0,
  "class": "inside",
  "x0": -92.55328393259296,
  "x1": -14.462275383862206,
  "z0": -124.45318745527159,
  "z1": -68.99080281254889
 },
 "tile_2_2": {
  "frac_keep": 1.0,
  "class": "inside",
  "x0": -92.55328393259296,
  "x1": -14.462275383862206,
  "z0": -68.99080281254889,
  "z1": -7.153055626436981
 },
 "tile_2_3": {
  "frac_keep": 1.0,
  "class": "inside",
  "x0": -92.55328393259296,
  "x1": -14.462275383862206,
  "z0": -7.153055626436981,
  "z1": 59.41227713428695
 },
 "tile_2_4": {
  "frac_keep": 1.0,
  "class": "inside",
  "x0": -92.55328393259296,
  "x1": -14.462275383862206,
  "z0": 59.41227713428695,
  "z1": 136.75007741075265
 },
 "tile_2_5": {
  "frac_keep": 0.8384735922665438,
  "class": "partial",
  "x0": -92.55328393259296,
  "x1": -14.462275383862206,
  "z0": 136.75007741075265,
  "z1": 362.8938780160511
 },
 "tile_3_0": {
  "frac_keep": 0.21925007451117917,
  "class": "partial",
  "x0": -14.462275383862206,
  "x1": 75.75256991501078,
  "z0": -337.82070708213195,
  "z1": -124.45318745527159
 },
 "tile_3_1": {
  "frac_keep": 1.0,
  "class": "inside",
  "x0": -14.462275383862206,
  "x1": 75.75256991501078,
  "z0": -124.45318745527159,
  "z1": -68.99080281254889
 },
 "tile_3_2": {
  "frac_keep": 1.0,
  "class": "inside",
  "x0": -14.462275383862206,
  "x1": 75.75256991501078,
  "z0": -68.99080281254889,
  "z1": -7.153055626436981
 },
 "tile_3_3": {
  "frac_keep": 1.0,
  "class": "inside",
  "x0": -14.462275383862206,
  "x1": 75.75256991501078,
  "z0": -7.153055626436981,
  "z1": 59.41227713428695
 },
 "tile_3_4": {
  "frac_keep": 1.0,
  "class": "inside",
  "x0": -14.462275383862206,
  "x1": 75.75256991501078,
  "z0": 59.41227713428695,
  "z1": 136.75007741075265
 },
 "tile_3_5": {
  "frac_keep": 0.7882266084253897,
  "class": "partial",
  "x0": -14.462275383862206,
  "x1": 75.75256991501078,
  "z0": 136.75007741075265,
  "z1": 362.8938780160511
 },
 "tile_4_0": {
  "frac_keep": 0.25959625682337656,
  "class": "partial",
  "x0": 75.75256991501078,
  "x1": 192.4537134238128,
  "z0": -337.82070708213195,
  "z1": -124.45318745527159
 },
 "tile_4_1": {
  "frac_keep": 1.0,
  "class": "inside",
  "x0": 75.75256991501078,
  "x1": 192.4537134238128,
  "z0": -124.45318745527159,
  "z1": -68.99080281254889
 },
 "tile_4_2": {
  "frac_keep": 1.0,
  "class": "inside",
  "x0": 75.75256991501078,
  "x1": 192.4537134238128,
  "z0": -68.99080281254889,
  "z1": -7.153055626436981
 },
 "tile_4_3": {
  "frac_keep": 1.0,
  "class": "inside",
  "x0": 75.75256991501078,
  "x1": 192.4537134238128,
  "z0": -7.153055626436981,
  "z1": 59.41227713428695
 },
 "tile_4_4": {
  "frac_keep": 1.0,
  "class": "inside",
  "x0": 75.75256991501078,
  "x1": 192.4537134238128,
  "z0": 59.41227713428695,
  "z1": 136.75007741075265
 },
 "tile_4_5": {
  "frac_keep": 0.484442280138728,
  "class": "partial",
  "x0": 75.75256991501078,
  "x1": 192.4537134238128,
  "z0": 136.75007741075265,
  "z1": 362.8938780160511
 },
 "tile_5_0": {
  "frac_keep": 0.19884914093901815,
  "class": "partial",
  "x0": 192.4537134238128,
  "x1": 466.8873605251104,
  "z0": -337.82070708213195,
  "z1": -124.45318745527159
 },
 "tile_5_1": {
  "frac_keep": 0.7485909138110878,
  "class": "partial",
  "x0": 192.4537134238128,
  "x1": 466.8873605251104,
  "z0": -124.45318745527159,
  "z1": -68.99080281254889
 },
 "tile_5_2": {
  "frac_keep": 0.7141747378005211,
  "class": "partial",
  "x0": 192.4537134238128,
  "x1": 466.8873605251104,
  "z0": -68.99080281254889,
  "z1": -7.153055626436981
 },
 "tile_5_3": {
  "frac_keep": 0.5582675508414571,
  "class": "partial",
  "x0": 192.4537134238128,
  "x1": 466.8873605251104,
  "z0": -7.153055626436981,
  "z1": 59.41227713428695
 },
 "tile_5_4": {
  "frac_keep": 0.33184456766103576,
  "class": "partial",
  "x0": 192.4537134238128,
  "x1": 466.8873605251104,
  "z0": 59.41227713428695,
  "z1": 136.75007741075265
 },
 "tile_5_5": {
  "frac_keep": 0.027191956616900728,
  "class": "partial",
  "x0": 192.4537134238128,
  "x1": 466.8873605251104,
  "z0": 136.75007741075265,
  "z1": 362.8938780160511
 }
}