{
 "tile_0_0": {
  "frac_keep": 0.07012722853439193,
  "class": "partial",
  "x0": -395.79385054162884,
  "x1": -173.06762921766455,
  "z0": -337.82070708213195,
  "z1": -124.45318745527159
 },
 "tile_0_1": {
  "frac_keep": 0.5213384592827183,
  "class": "partial",
  "x0": -395.79385054162884,
  "x1": -173.06762921766455,
  "z0": -124.45318745527159,
  "z1": -68.99080281254889
 },
 "tile_0_2": {
  "frac_keep": 0.5121553548603524,
  "class": "partial",
  "x0": -395.79385054162884,
  "x1": -173.06762921766455,
  "z0": -68.99080281254889,
  "z1": -7.153055626436981
 },
 "tile_0_3": {
  "frac_keep": 0.5082616511789361,
  "class": "partial",
  "x0": -395.79385054162884,
  "x1": -173.06762921766455,
  "z0": -7.153055626436981,
  "z1": 59.41227713428695
 },
 "tile_0_4": {
  "frac_keep": 0.5098434596106133,
  "class": "partial",
  "x0": -395.79385054162884,
  "x1": -173.06762921766455,
  "z0": 59.41227713428695,
  "z1": 136.75007741075265
 },
 "tile_0_5": {
  "frac_keep": 0.27461418280415034,
  "class": "partial",
  "x0": -395.79385054162884,
  "x1": -173.06762921766455,
  "z0": 136.75007741075265,
  "z1": 362.8938780160511
 },
 "tile_1_0": {
  "frac_keep": 0.14131531925387944,
  "class": "partial",
  "x0": -173.06762921766455,
  "x1": -92.55328393259296,
  "z0": -337.82070708213195,
  "z1": -124.45318745527159
 },
 "tile_1_1": {
  "frac_keep": 1.0,
  "class": "inside",
  "x0": -173.06762921766455,
  "x1": -92.55328393259296,
  "z0": -124.45318745527159,
  "z1": -68.99080281254889
 },
 "tile_1_2": {
  "frac_keep": 1.0,
  "class": "inside",
  "x0": -173.06762921766455,
  "x1": -92.55328393259296,
  "z0": -68.99080281254889,
  "z1": -7.153055626436981
 },
 "tile_1_3": {
  "frac_keep": 1.0,
  "class": "inside",
  "x0": -173.06762921766455,
  "x1": -92.55328393259296,
  "z0": -7.153055626436981,
  "z1": 59.41227713428695
 },
 "tile_1_4": {
  "frac_keep": 1.0,
  "class": "inside",
  "x0": -173.06762921766455,
  "x1": -92.55328393259296,
  "z0": 59.41227713428695,
  "z1": 136.75007741075265
 },
 "tile_1_5": {
  "frac_keep": 0.7040443332216878,
  "class": "partial",
  "x0": -173.06762921766455,
  "x1": -92.55328393259296,
  "z0": 136.75007741075265,
  "z1": 362.8938780160511
 },
 "tile_2_0": {
  "frac_keep": 0.14808366450218097,
  "class": "partial",
  "x0": -92.55328393259296,
  "x1": -14.462275383862206,
  "z0": -337.82070708213195,
  "z1": -124.45318745527159
 },
 "tile_2_1": {
  "frac_keep": 1.0,
  "class": "inside",
  "x0": -92.55328393259296,
  "x1": -14.462275383862206,
  "z0": -124.45318745527159,
  "z1": -68.99080281254889
 },
 "tile_2_2": {
  "frac_keep": 1.0,
  "class": "inside",
  "x0": -92.55328393259296,
  "x1": -14.462275383862206,
  "z0": -68.99080281254889,
  "z1": -7.153055626436981
 },
 "tile_2_3": {
  "frac_keep": 1.0,
  "class": "inside",
  "x0": -92.55328393259296,
  "x1": -14.462275383862206,
  "z0": -7.153055626436981,
  "z1": 59.41227713428695
 },
 "tile_2_4": {
  "frac_keep": 1.0,
  "class": "inside",
  "x0": -92.55328393259296,
  "x1": -14.462275383862206,
  "z0": 59.41227713428695,
  "z1": 136.75007741075265
 },
 "tile_2_5": {
  "frac_keep": 0.8151859499539102,
  "class": "partial",
  "x0": -92.55328393259296,
  "x1": -14.462275383862206,
  "z0": 136.75007741075265,
  "z1": 362.8938780160511
 },
 "tile_3_0": {
  "frac_keep": 0.15526597013446397,
  "class": "partial",
  "x0": -14.462275383862206,
  "x1": 75.75256991501078,
  "z0": -337.82070708213195,
  "z1": -124.45318745527159
 },
 "tile_3_1": {
  "frac_keep": 1.0,
  "class": "inside",
  "x0": -14.462275383862206,
  "x1": 75.75256991501078,
  "z0": -124.45318745527159,
  "z1": -68.99080281254889
 },
 "tile_3_2": {
  "frac_keep": 1.0,
  "class": "inside",
  "x0": -14.462275383862206,
  "x1": 75.75256991501078,
  "z0": -68.99080281254889,
  "z1": -7.153055626436981
 },
 "tile_3_3": {
  "frac_keep": 1.0,
  "class": "inside",
  "x0": -14.462275383862206,
  "x1": 75.75256991501078,
  "z0": -7.153055626436981,
  "z1": 59.41227713428695
 },
 "tile_3_4": {
  "frac_keep": 1.0,
  "class": "inside",
  "x0": -14.462275383862206,
  "x1": 75.75256991501078,
  "z0": 59.41227713428695,
  "z1": 136.75007741075265
 },
 "tile_3_5": {
  "frac_keep": 0.9122127648159365,
  "class": "partial",
  "x0": -14.462275383862206,
  "x1": 75.75256991501078,
  "z0": 136.75007741075265,
  "z1": 362.8938780160511
 },
 "tile_4_0": {
  "frac_keep": 0.1640959296269509,
  "class": "partial",
  "x0": 75.75256991501078,
  "x1": 192.4537134238128,
  "z0": -337.82070708213195,
  "z1": -124.45318745527159
 },
 "tile_4_1": {
  "frac_keep": 1.0,
  "class": "inside",
  "x0": 75.75256991501078,
  "x1": 192.4537134238128,
  "z0": -124.45318745527159,
  "z1": -68.99080281254889
 },
 "tile_4_2": {
  "frac_keep": 1.0,
  "class": "inside",
  "x0": 75.75256991501078,
  "x1": 192.4537134238128,
  "z0": -68.99080281254889,
  "z1": -7.153055626436981
 },
 "tile_4_3": {
  "frac_keep": 1.0,
  "class": "inside",
  "x0": 75.75256991501078,
  "x1": 192.4537134238128,
  "z0": -7.153055626436981,
  "z1": 59.41227713428695
 },
 "tile_4_4": {
  "frac_keep": 1.0,
  "class": "inside",
  "x0": 75.75256991501078,
  "x1": 192.4537134238128,
  "z0": 59.41227713428695,
  "z1": 136.75007741075265
 },
 "tile_4_5": {
  "frac_keep": 0.6523045544337197,
  "class": "partial",
  "x0": 75.75256991501078,
  "x1": 192.4537134238128,
  "z0": 136.75007741075265,
  "z1": 362.8938780160511
 },
 "tile_5_0": {
  "frac_keep": 0.11869404723438373,
  "class": "partial",
  "x0": 192.4537134238128,
  "x1": 466.8873605251104,
  "z0": -337.82070708213195,
  "z1": -124.45318745527159
 },
 "tile_5_1": {
  "frac_keep": 0.6735629426291534,
  "class": "partial",
  "x0": 192.4537134238128,
  "x1": 466.8873605251104,
  "z0": -124.45318745527159,
  "z1": -68.99080281254889
 },
 "tile_5_2": {
  "frac_keep": 0.672178745818332,
  "class": "partial",
  "x0": 192.4537134238128,
  "x1": 466.8873605251104,
  "z0": -68.99080281254889,
  "z1": -7.153055626436981
 },
 "tile_5_3": {
  "frac_keep": 0.49733686378956754,
  "class": "partial",
  "x0": 192.4537134238128,
  "x1": 466.8873605251104,
  "z0": -7.153055626436981,
  "z1": 59.41227713428695
 },
 "tile_5_4": {
  "frac_keep": 0.24302394509551667,
  "class": "partial",
  "x0": 192.4537134238128,
  "x1": 466.8873605251104,
  "z0": 59.41227713428695,
  "z1": 136.75007741075265
 },
 "tile_5_5": {
  "frac_keep": 0.008785078172905874,
  "class": "partial",
  "x0": 192.4537134238128,
  "x1": 466.8873605251104,
  "z0": 136.75007741075265,
  "z1": 362.8938780160511
 }
}