{
 "tile_0_0": {
  "frac_keep": 0.15127245824524355,
  "class": "partial",
  "x0": -395.79385054162884,
  "x1": -173.06762921766455,
  "z0": -337.82070708213195,
  "z1": -124.45318745527159
 },
 "tile_0_1": {
  "frac_keep": 0.6615488728010008,
  "class": "partial",
  "x0": -395.79385054162884,
  "x1": -173.06762921766455,
  "z0": -124.45318745527159,
  "z1": -68.99080281254889
 },
 "tile_0_2": {
  "frac_keep": 0.6226676581658983,
  "class": "partial",
  "x0": -395.79385054162884,
  "x1": -173.06762921766455,
  "z0": -68.99080281254889,
  "z1": -7.153055626436981
 },
 "tile_0_3": {
  "frac_keep": 0.5919700161818453,
  "class": "partial",
  "x0": -395.79385054162884,
  "x1": -173.06762921766455,
  "z0": -7.153055626436981,
  "z1": 59.41227713428695
 },
 "tile_0_4": {
  "frac_keep": 0.5718923955562888,
  "class": "partial",
  "x0": -395.79385054162884,
  "x1": -173.06762921766455,
  "z0": 59.41227713428695,
  "z1": 136.75007741075265
 },
 "tile_0_5": {
  "frac_keep": 0.3861821941862991,
  "class": "partial",
  "x0": -395.79385054162884,
  "x1": -173.06762921766455,
  "z0": 136.75007741075265,
  "z1": 362.8938780160511
 },
 "tile_1_0": {
  "frac_keep": 0.24873664723060745,
  "class": "partial",
  "x0": -173.06762921766455,
  "x1": -92.55328393259296,
  "z0": -337.82070708213195,
  "z1": -124.45318745527159
 },
 "tile_1_1": {
  "frac_keep": 1.0,
  "class": "inside",
  "x0": -173.06762921766455,
  "x1": -92.55328393259296,
  "z0": -124.45318745527159,
  "z1": -68.99080281254889
 },
 "tile_1_2": {
  "frac_keep": 1.0,
  "class": "inside",
  "x0": -173.06762921766455,
  "x1": -92.55328393259296,
  "z0": -68.99080281254889,
  "z1": -7.153055626436981
 },
 "tile_1_3": {
  "frac_keep": 1.0,
  "class": "inside",
  "x0": -173.06762921766455,
  "x1": -92.55328393259296,
  "z0": -7.153055626436981,
  "z1": 59.41227713428695
 },
 "tile_1_4": {
  "frac_keep": 1.0,
  "class": "inside",
  "x0": -173.06762921766455,
  "x1": -92.55328393259296,
  "z0": 59.41227713428695,
  "z1": 136.75007741075265
 },
 "tile_1_5": {
  "frac_keep": 0.7384175182155155,
  "class": "partial",
  "x0": -173.06762921766455,
  "x1": -92.55328393259296,
  "z0": 136.75007741075265,
  "z1": 362.8938780160511
 },
 "tile_2_0": {
  "frac_keep": 0.22062870373333796,
  "class": "partial",
  "x0": -92.55328393259296,
  "x1": -14.462275383862206,
  "z0": -337.82070708213195,
  "z1": -124.45318745527159
 },
 "tile_2_1": {
  "frac_keep": 1.0,
  "class": "inside",
  "x0": -92.55328393259296,
  "x1": -14.462275383862206,
  "z0": -124.45318745527159,
  "z1": -68.99080281254889
 },
 "tile_2_2": {
  "frac_keep": 1.0,
  "class": "inside",
  "x0": -92.55328393259296,
  "x1": -14.462275383862206,
  "z0": -68.99080281254889,
  "z1": -7.153055626436981
 },
 "tile_2_3": {
  "frac_keep": 1.0,
  "class": "inside",
  "x0": -92.55328393259296,
  "x1": -14.462275383862206,
  "z0": -7.153055626436981,
  "z1": 59.41227713428695
 },
 "tile_2_4": {
  "frac_keep": 1.0,
  "class": "inside",
  "x0": -92.55328393259296,
  "x1": -14.462275383862206,
  "z0": 59.41227713428695,
  "z1": 136.75007741075265
 },
 "tile_2_5": {
  "frac_keep": 0.8731410043084534,
  "class": "partial",
  "x0": -92.55328393259296,
  "x1": -14.462275383862206,
  "z0": 136.75007741075265,
  "z1": 362.8938780160511
 },
 "tile_3_0": {
  "frac_keep": 0.2203634570007117,
  "class": "partial",
  "x0": -14.462275383862206,
  "x1": 75.75256991501078,
  "z0": -337.82070708213195,
  "z1": -124.45318745527159
 },
 "tile_3_1": {
  "frac_keep": 1.0,
  "class": "inside",
  "x0": -14.462275383862206,
  "x1": 75.75256991501078,
  "z0": -124.45318745527159,
  "z1": -68.99080281254889
 },
 "tile_3_2": {
  "frac_keep": 1.0,
  "class": "inside",
  "x0": -14.462275383862206,
  "x1": 75.75256991501078,
  "z0": -68.99080281254889,
  "z1": -7.153055626436981
 },
 "tile_3_3": {
  "frac_keep": 1.0,
  "class": "inside",
  "x0": -14.462275383862206,
  "x1": 75.75256991501078,
  "z0": -7.153055626436981,
  "z1": 59.41227713428695
 },
 "tile_3_4": {
  "frac_keep": 1.0,
  "class": "inside",
  "x0": -14.462275383862206,
  "x1": 75.75256991501078,
  "z0": 59.41227713428695,
  "z1": 136.75007741075265
 },
 "tile_3_5": {
  "frac_keep": 0.9088332561350443,
  "class": "partial",
  "x0": -14.462275383862206,
  "x1": 75.75256991501078,
  "z0": 136.75007741075265,
  "z1": 362.8938780160511
 },
 "tile_4_0": {
  "frac_keep": 0.26531080419352304,
  "class": "partial",
  "x0": 75.75256991501078,
  "x1": 192.4537134238128,
  "z0": -337.82070708213195,
  "z1": -124.45318745527159
 },
 "tile_4_1": {
  "frac_keep": 1.0,
  "class": "inside",
  "x0": 75.75256991501078,
  "x1": 192.4537134238128,
  "z0": -124.45318745527159,
  "z1": -68.99080281254889
 },
 "tile_4_2": {
  "frac_keep": 1.0,
  "class": "inside",
  "x0": 75.75256991501078,
  "x1": 192.4537134238128,
  "z0": -68.99080281254889,
  "z1": -7.153055626436981
 },
 "tile_4_3": {
  "frac_keep": 1.0,
  "class": "inside",
  "x0": 75.75256991501078,
  "x1": 192.4537134238128,
  "z0": -7.153055626436981,
  "z1": 59.41227713428695
 },
 "tile_4_4": {
  "frac_keep": 1.0,
  "class": "inside",
  "x0": 75.75256991501078,
  "x1": 192.4537134238128,
  "z0": 59.41227713428695,
  "z1": 136.75007741075265
 },
 "tile_4_5": {
  "frac_keep": 0.5681724272566967,
  "class": "partial",
  "x0": 75.75256991501078,
  "x1": 192.4537134238128,
  "z0": 136.75007741075265,
  "z1": 362.8938780160511
 },
 "tile_5_0": {
  "frac_keep": 0.2078010109787611,
  "class": "partial",
  "x0": 192.4537134238128,
  "x1": 466.8873605251104,
  "z0": -337.82070708213195,
  "z1": -124.45318745527159
 },
 "tile_5_1": {
  "frac_keep": 0.7546199938168471,
  "class": "partial",
  "x0": 192.4537134238128,
  "x1": 466.8873605251104,
  "z0": -124.45318745527159,
  "z1": -68.99080281254889
 },
 "tile_5_2": {
  "frac_keep": 0.7158902926451656,
  "class": "partial",
  "x0": 192.4537134238128,
  "x1": 466.8873605251104,
  "z0": -68.99080281254889,
  "z1": -7.153055626436981
 },
 "tile_5_3": {
  "frac_keep": 0.5882762882742714,
  "class": "partial",
  "x0": 192.4537134238128,
  "x1": 466.8873605251104,
  "z0": -7.153055626436981,
  "z1": 59.41227713428695
 },
 "tile_5_4": {
  "frac_keep": 0.34566474139117165,
  "class": "partial",
  "x0": 192.4537134238128,
  "x1": 466.8873605251104,
  "z0": 59.41227713428695,
  "z1": 136.75007741075265
 },
 "tile_5_5": {
  "frac_keep": 0.03193520842375005,
  "class": "partial",
  "x0": 192.4537134238128,
  "x1": 466.8873605251104,
  "z0": 136.75007741075265,
  "z1": 362.8938780160511
 }
}