{
 "CX": 33.7482,
 "CY": -84.3712,
 "M_LAT": 110917.85615275326,
 "M_LON": 92656.45198000895,
 "s": 0.9998917284566604,
 "R": [
  [
   0.9999999995396833,
   3.0341934239760304e-05
  ],
  [
   -3.0341934239755306e-05,
   0.9999999995396835
  ]
 ],
 "t": [
  -81.4501764847302,
  -7.19736449147639
 ],
 "theta_deg": -0.0017384647744682115,
 "n_inliers": 3270,
 "n_total": 3270,
 "res_median_m": 0.22682785015277176,
 "res_p95_m": 0.43765600274039845,
 "res_max_m": 0.7000166981937522
}